lag,acf,significant
7,0.8706414267694249,True
14,0.800457626416968,True
1,0.7430728806980679,True
21,0.7155469186283425,True
6,0.7022629520461222,True
8,0.6737774148041442,True
28,0.6654330230844795,True
13,0.6471032340650842,True
15,0.6169491215962052,True
35,0.5779450299261911,True
