,n_unique,missing_rate,mean,std,min,p10,p25,median,p75,p90,max,iqr
TC_hours,7397,0.5955935468336142,1609.8410671165361,2524.016926557087,-6958.966666666666,-1295.7833333333333,-593.8333333333334,1538.55,3721.65,4828.263333333333,13335.016666666666,4315.483333333334
TR_hours,9694,0.062444819006340795,178.1715820563308,532.787772401608,0.0,0.1,0.4166666666666667,22.1,148.47916666666666,381.54833333333335,8070.166666666667,148.0625
impact,0,1.0,,,,,,,,,,
priority,0,1.0,,,,,,,,,,
reassignment_count,22,0.0,0.9396420258447709,1.5720348465890752,0.0,0.0,0.0,0.0,1.0,3.0,27.0,1.0
reopen_count,7,0.0,0.01328357010996067,0.14892197850083688,0.0,0.0,0.0,0.0,0.0,0.0,8.0,0.0
sys_mod_count,103,0.0,6.684605506059876,8.549913917686217,1.0,2.0,2.0,4.0,8.0,13.0,129.0,6.0
urgency,0,1.0,,,,,,,,,,
