variable,count,missing_%,mean,std,min,q25,median,q75,p95,p99,max,unique
sys_mod_count,141712,0.0,5.080945862030033,7.680652150394582,0,1.0,3.0,6.0,17.0,37.0,129,115
reassignment_count,141712,0.0,1.1041972451168567,1.7346734299959758,0,0.0,1.0,1.0,4.0,8.0,27,28
reopen_count,141712,0.0,0.02191769222084227,0.2073023104715709,0,0.0,0.0,0.0,0.0,1.0,8,9
