{
  "MAE": 27.520750990882785,
  "RMSE": 35.68941856842456,
  "R2": 0.6762742905902279
}