{
  "resolution_time": {
    "MAE": 4.773339109795819,
    "RMSE": 11.151547263513972,
    "R2": 0.3814864893093579
  },
  "closure_time": {
    "MAE": 27.520750990882785,
    "RMSE": 35.68941856842456,
    "R2": 0.6762742905902279
  }
}