{
  "MAE": 4.773339109795819,
  "RMSE": 11.151547263513972,
  "R2": 0.3814864893093579
}